{"cameraMode":{"drawMode":0,"name":"Shaded","section":"Shading Mode"},"sceneLighting":false,"audioPlay":false,"sceneViewState":{"showFog":true,"showMaterialUpdate":true,"showSkybox":false,"showFlares":true,"showImageEffects":true,"showParticleSystems":true},"in2DMode":false,"pivot":{"x":0.0,"y":-0.00022688508033752441,"z":0.01208108477294445},"rotation":{"x":0.09765999019145966,"y":-0.0014876157511025668,"z":0.00013753164967056364,"w":0.9952653646469116},"size":0.07348492741584778,"orthographic":false}