{"cameraMode":{"drawMode":0,"name":"Shaded","section":"Shading Mode"},"sceneLighting":false,"audioPlay":false,"sceneViewState":{"showFog":true,"showMaterialUpdate":true,"showSkybox":false,"showFlares":true,"showImageEffects":true,"showParticleSystems":true},"in2DMode":false,"pivot":{"x":0.6813961267471314,"y":-1.9366614818572999,"z":-13.10586929321289},"rotation":{"x":-0.05115687847137451,"y":-0.9341064095497131,"z":0.3202785551548004,"w":-0.1492079496383667},"size":4.36650276184082,"orthographic":false}