{"cameraMode":{"drawMode":0,"name":"Shaded","section":"Shading Mode"},"sceneLighting":true,"audioPlay":false,"sceneViewState":{"showFog":true,"showMaterialUpdate":true,"showSkybox":true,"showFlares":true,"showImageEffects":true,"showParticleSystems":true},"in2DMode":false,"pivot":{"x":0.26596584916114809,"y":-0.5118175745010376,"z":198.2476043701172},"rotation":{"x":0.25400054454803469,"y":0.003777107922360301,"z":-0.0009840426500886679,"w":0.9672190546989441},"size":10.109663963317871,"orthographic":false}